Image_path,pred_index,pred_label,pred_prob,true_label,correct
brisc2025_test_00171_gl_sa_t1.jpg,1,2,0.9996744394302368,2,1
brisc2025_test_00245_gl_sa_t1.jpg,1,2,0.9995651841163635,2,1
brisc2025_test_00202_gl_sa_t1.jpg,1,2,0.9994962215423584,2,1
brisc2025_test_00115_gl_co_t1.jpg,1,2,0.999850869178772,2,1
brisc2025_test_00145_gl_co_t1.jpg,1,2,0.9986618757247925,2,1
brisc2025_test_00176_gl_sa_t1.jpg,1,2,0.9796849489212036,2,1
brisc2025_test_00208_gl_sa_t1.jpg,1,2,0.9988892674446106,2,1
brisc2025_test_00137_gl_co_t1.jpg,1,2,0.999765932559967,2,1
brisc2025_test_00173_gl_sa_t1.jpg,1,2,0.998976469039917,2,1
brisc2025_test_00132_gl_co_t1.jpg,1,2,0.9991124272346497,2,1
brisc2025_test_00082_gl_ax_t1.jpg,1,2,0.9998586177825928,2,1
brisc2025_test_00071_gl_ax_t1.jpg,1,2,0.9985927939414978,2,1
brisc2025_test_00117_gl_co_t1.jpg,1,2,0.9973387122154236,2,1
brisc2025_test_00142_gl_co_t1.jpg,1,2,0.999521017074585,2,1
brisc2025_test_00159_gl_co_t1.jpg,1,2,0.9996709823608398,2,1
brisc2025_test_00107_gl_co_t1.jpg,1,2,0.9999568462371826,2,1
brisc2025_test_00112_gl_co_t1.jpg,1,2,0.999933123588562,2,1
brisc2025_test_00068_gl_ax_t1.jpg,1,2,0.9999011754989624,2,1
brisc2025_test_00153_gl_co_t1.jpg,1,2,0.9994165897369385,2,1
brisc2025_test_00092_gl_co_t1.jpg,1,2,0.9998338222503662,2,1
brisc2025_test_00093_gl_co_t1.jpg,1,2,0.9995642304420471,2,1
brisc2025_test_00221_gl_sa_t1.jpg,1,2,0.9959415793418884,2,1
brisc2025_test_00136_gl_co_t1.jpg,1,2,0.9996439218521118,2,1
brisc2025_test_00014_gl_ax_t1.jpg,1,2,0.9998574256896973,2,1
brisc2025_test_00104_gl_co_t1.jpg,1,2,0.9999501705169678,2,1
brisc2025_test_00131_gl_co_t1.jpg,1,2,0.9996411800384521,2,1
brisc2025_test_00203_gl_sa_t1.jpg,1,2,0.9995067119598389,2,1
brisc2025_test_00052_gl_ax_t1.jpg,1,2,0.9984632730484009,2,1
brisc2025_test_00051_gl_ax_t1.jpg,1,2,0.9999411106109619,2,1
brisc2025_test_00021_gl_ax_t1.jpg,1,2,0.9999525547027588,2,1
brisc2025_test_00116_gl_co_t1.jpg,1,2,0.9997449517250061,2,1
brisc2025_test_00119_gl_co_t1.jpg,1,2,0.9998063445091248,2,1
brisc2025_test_00243_gl_sa_t1.jpg,1,2,0.9985427856445312,2,1
brisc2025_test_00004_gl_ax_t1.jpg,1,2,0.7751189470291138,2,1
brisc2025_test_00038_gl_ax_t1.jpg,1,2,0.9998989105224609,2,1
brisc2025_test_00042_gl_ax_t1.jpg,1,2,0.9998834133148193,2,1
brisc2025_test_00251_gl_sa_t1.jpg,1,2,0.9929764866828918,2,1
brisc2025_test_00055_gl_ax_t1.jpg,1,2,0.9995874762535095,2,1
brisc2025_test_00099_gl_co_t1.jpg,1,2,0.999657392501831,2,1
brisc2025_test_00095_gl_co_t1.jpg,1,2,0.9990440011024475,2,1
brisc2025_test_00253_gl_sa_t1.jpg,1,2,0.9996539354324341,2,1
brisc2025_test_00235_gl_sa_t1.jpg,1,2,0.9869335889816284,2,1
brisc2025_test_00074_gl_ax_t1.jpg,1,2,0.9999456405639648,2,1
brisc2025_test_00229_gl_sa_t1.jpg,0,1,0.9965567588806152,2,0
brisc2025_test_00226_gl_sa_t1.jpg,1,2,0.9986677169799805,2,1
brisc2025_test_00029_gl_ax_t1.jpg,1,2,0.9999350309371948,2,1
brisc2025_test_00105_gl_co_t1.jpg,1,2,0.9998490810394287,2,1
brisc2025_test_00193_gl_sa_t1.jpg,1,2,0.999314546585083,2,1
brisc2025_test_00133_gl_co_t1.jpg,1,2,0.9997833371162415,2,1
brisc2025_test_00008_gl_ax_t1.jpg,1,2,0.999894380569458,2,1
brisc2025_test_00150_gl_co_t1.jpg,1,2,0.9981346130371094,2,1
brisc2025_test_00041_gl_ax_t1.jpg,1,2,0.9999597072601318,2,1
brisc2025_test_00044_gl_ax_t1.jpg,1,2,0.999977707862854,2,1
brisc2025_test_00122_gl_co_t1.jpg,1,2,0.9998983144760132,2,1
brisc2025_test_00158_gl_co_t1.jpg,1,2,0.999356210231781,2,1
brisc2025_test_00108_gl_co_t1.jpg,1,2,0.9993602633476257,2,1
brisc2025_test_00152_gl_co_t1.jpg,1,2,0.9966422319412231,2,1
brisc2025_test_00089_gl_co_t1.jpg,1,2,0.9998121857643127,2,1
brisc2025_test_00007_gl_ax_t1.jpg,1,2,0.9975782036781311,2,1
brisc2025_test_00118_gl_co_t1.jpg,1,2,0.9990509152412415,2,1
brisc2025_test_00216_gl_sa_t1.jpg,1,2,0.9995964169502258,2,1
brisc2025_test_00146_gl_co_t1.jpg,1,2,0.9983574748039246,2,1
brisc2025_test_00030_gl_ax_t1.jpg,1,2,0.9998338222503662,2,1
brisc2025_test_00040_gl_ax_t1.jpg,1,2,0.9999576807022095,2,1
brisc2025_test_00163_gl_co_t1.jpg,1,2,0.9995121955871582,2,1
brisc2025_test_00240_gl_sa_t1.jpg,1,2,0.945979654788971,2,1
brisc2025_test_00180_gl_sa_t1.jpg,1,2,0.9997883439064026,2,1
brisc2025_test_00141_gl_co_t1.jpg,1,2,0.9999227523803711,2,1
brisc2025_test_00186_gl_sa_t1.jpg,1,2,0.9997527003288269,2,1
brisc2025_test_00201_gl_sa_t1.jpg,1,2,0.9984717965126038,2,1
brisc2025_test_00110_gl_co_t1.jpg,1,2,0.9580768942832947,2,1
brisc2025_test_00232_gl_sa_t1.jpg,1,2,0.999427318572998,2,1
brisc2025_test_00036_gl_ax_t1.jpg,1,2,0.999955415725708,2,1
brisc2025_test_00138_gl_co_t1.jpg,1,2,0.9998264908790588,2,1
brisc2025_test_00191_gl_sa_t1.jpg,1,2,0.9996778964996338,2,1
brisc2025_test_00125_gl_co_t1.jpg,1,2,0.9996829032897949,2,1
brisc2025_test_00006_gl_ax_t1.jpg,1,2,0.9999167919158936,2,1
brisc2025_test_00121_gl_co_t1.jpg,1,2,0.999821126461029,2,1
brisc2025_test_00076_gl_ax_t1.jpg,1,2,0.9999284744262695,2,1
brisc2025_test_00016_gl_ax_t1.jpg,1,2,0.9999710321426392,2,1
brisc2025_test_00165_gl_co_t1.jpg,1,2,0.9998249411582947,2,1
brisc2025_test_00022_gl_ax_t1.jpg,1,2,0.9999287128448486,2,1
brisc2025_test_00070_gl_ax_t1.jpg,1,2,0.9999804496765137,2,1
brisc2025_test_00084_gl_ax_t1.jpg,1,2,0.9999721050262451,2,1
brisc2025_test_00015_gl_ax_t1.jpg,1,2,0.9999750852584839,2,1
brisc2025_test_00220_gl_sa_t1.jpg,1,2,0.9991763234138489,2,1
brisc2025_test_00114_gl_co_t1.jpg,1,2,0.9995412826538086,2,1
brisc2025_test_00135_gl_co_t1.jpg,1,2,0.9997876286506653,2,1
brisc2025_test_00106_gl_co_t1.jpg,1,2,0.99983811378479,2,1
brisc2025_test_00060_gl_ax_t1.jpg,1,2,0.9983599781990051,2,1
brisc2025_test_00053_gl_ax_t1.jpg,1,2,0.9999189376831055,2,1
brisc2025_test_00166_gl_co_t1.jpg,1,2,0.999919056892395,2,1
brisc2025_test_00140_gl_co_t1.jpg,1,2,0.9995762705802917,2,1
brisc2025_test_00111_gl_co_t1.jpg,1,2,0.9993336796760559,2,1
brisc2025_test_00177_gl_sa_t1.jpg,1,2,0.9983142614364624,2,1
brisc2025_test_00241_gl_sa_t1.jpg,1,2,0.9114953279495239,2,1
brisc2025_test_00091_gl_co_t1.jpg,1,2,0.9997758269309998,2,1
brisc2025_test_00113_gl_co_t1.jpg,1,2,0.9999278783798218,2,1
brisc2025_test_00184_gl_sa_t1.jpg,1,2,0.9988831877708435,2,1
brisc2025_test_00182_gl_sa_t1.jpg,1,2,0.9991650581359863,2,1
brisc2025_test_00157_gl_co_t1.jpg,1,2,0.9989951252937317,2,1
brisc2025_test_00098_gl_co_t1.jpg,1,2,0.9999094009399414,2,1
brisc2025_test_00100_gl_co_t1.jpg,1,2,0.9997476935386658,2,1
brisc2025_test_00067_gl_ax_t1.jpg,1,2,0.99986732006073,2,1
brisc2025_test_00183_gl_sa_t1.jpg,1,2,0.9991629123687744,2,1
brisc2025_test_00011_gl_ax_t1.jpg,1,2,0.9997861981391907,2,1
brisc2025_test_00017_gl_ax_t1.jpg,1,2,0.9998199343681335,2,1
brisc2025_test_00023_gl_ax_t1.jpg,1,2,0.9999570846557617,2,1
brisc2025_test_00185_gl_sa_t1.jpg,1,2,0.9986305236816406,2,1
brisc2025_test_00175_gl_sa_t1.jpg,1,2,0.9558477997779846,2,1
brisc2025_test_00198_gl_sa_t1.jpg,1,2,0.999921441078186,2,1
brisc2025_test_00020_gl_ax_t1.jpg,1,2,0.9907751679420471,2,1
brisc2025_test_00054_gl_ax_t1.jpg,1,2,0.999969482421875,2,1
brisc2025_test_00128_gl_co_t1.jpg,1,2,0.999885082244873,2,1
brisc2025_test_00230_gl_sa_t1.jpg,1,2,0.9942325949668884,2,1
brisc2025_test_00094_gl_co_t1.jpg,1,2,0.9993784427642822,2,1
brisc2025_test_00224_gl_sa_t1.jpg,1,2,0.9993250370025635,2,1
brisc2025_test_00086_gl_co_t1.jpg,1,2,0.9987102746963501,2,1
brisc2025_test_00031_gl_ax_t1.jpg,1,2,0.999308705329895,2,1
brisc2025_test_00120_gl_co_t1.jpg,1,2,0.999913215637207,2,1
brisc2025_test_00072_gl_ax_t1.jpg,1,2,0.8143030405044556,2,1
brisc2025_test_00199_gl_sa_t1.jpg,1,2,0.9995929598808289,2,1
brisc2025_test_00048_gl_ax_t1.jpg,1,2,0.999913215637207,2,1
brisc2025_test_00028_gl_ax_t1.jpg,1,2,0.9999359846115112,2,1
brisc2025_test_00250_gl_sa_t1.jpg,1,2,0.9937909245491028,2,1
brisc2025_test_00162_gl_co_t1.jpg,1,2,0.9989799857139587,2,1
brisc2025_test_00077_gl_ax_t1.jpg,1,2,0.9997574687004089,2,1
brisc2025_test_00026_gl_ax_t1.jpg,1,2,0.9999815225601196,2,1
brisc2025_test_00061_gl_ax_t1.jpg,1,2,0.9989191293716431,2,1
brisc2025_test_00037_gl_ax_t1.jpg,1,2,0.9999839067459106,2,1
brisc2025_test_00010_gl_ax_t1.jpg,1,2,0.9998339414596558,2,1
brisc2025_test_00236_gl_sa_t1.jpg,1,2,0.9984917640686035,2,1
brisc2025_test_00033_gl_ax_t1.jpg,1,2,0.9999464750289917,2,1
brisc2025_test_00190_gl_sa_t1.jpg,1,2,0.9944586753845215,2,1
brisc2025_test_00160_gl_co_t1.jpg,1,2,0.9956134557723999,2,1
brisc2025_test_00204_gl_sa_t1.jpg,1,2,0.9990056157112122,2,1
brisc2025_test_00242_gl_sa_t1.jpg,1,2,0.9784497618675232,2,1
brisc2025_test_00196_gl_sa_t1.jpg,1,2,0.9987687468528748,2,1
brisc2025_test_00013_gl_ax_t1.jpg,1,2,0.9999626874923706,2,1
brisc2025_test_00056_gl_ax_t1.jpg,1,2,0.9999359846115112,2,1
brisc2025_test_00035_gl_ax_t1.jpg,1,2,0.9999063014984131,2,1
brisc2025_test_00003_gl_ax_t1.jpg,1,2,0.9998964071273804,2,1
brisc2025_test_00187_gl_sa_t1.jpg,1,2,0.9996538162231445,2,1
brisc2025_test_00034_gl_ax_t1.jpg,1,2,0.9998676776885986,2,1
brisc2025_test_00073_gl_ax_t1.jpg,1,2,0.9405235648155212,2,1
brisc2025_test_00167_gl_sa_t1.jpg,1,2,0.999640703201294,2,1
brisc2025_test_00210_gl_sa_t1.jpg,1,2,0.9996311664581299,2,1
brisc2025_test_00002_gl_ax_t1.jpg,1,2,0.9997802376747131,2,1
brisc2025_test_00149_gl_co_t1.jpg,1,2,0.9975817203521729,2,1
brisc2025_test_00134_gl_co_t1.jpg,1,2,0.9995136260986328,2,1
brisc2025_test_00218_gl_sa_t1.jpg,1,2,0.9949191212654114,2,1
brisc2025_test_00200_gl_sa_t1.jpg,1,2,0.9998705387115479,2,1
brisc2025_test_00065_gl_ax_t1.jpg,1,2,0.994189977645874,2,1
brisc2025_test_00103_gl_co_t1.jpg,1,2,0.999941349029541,2,1
brisc2025_test_00154_gl_co_t1.jpg,1,2,0.9995781779289246,2,1
brisc2025_test_00151_gl_co_t1.jpg,1,2,0.9919596314430237,2,1
brisc2025_test_00227_gl_sa_t1.jpg,1,2,0.9915041327476501,2,1
brisc2025_test_00101_gl_co_t1.jpg,1,2,0.9999513626098633,2,1
brisc2025_test_00079_gl_ax_t1.jpg,1,2,0.99993896484375,2,1
brisc2025_test_00207_gl_sa_t1.jpg,1,2,0.9989408850669861,2,1
brisc2025_test_00025_gl_ax_t1.jpg,1,2,0.9998748302459717,2,1
brisc2025_test_00211_gl_sa_t1.jpg,1,2,0.9995879530906677,2,1
brisc2025_test_00096_gl_co_t1.jpg,1,2,0.9983647465705872,2,1
brisc2025_test_00168_gl_sa_t1.jpg,1,2,0.9992830157279968,2,1
brisc2025_test_00012_gl_ax_t1.jpg,1,2,0.9998675584793091,2,1
brisc2025_test_00027_gl_ax_t1.jpg,1,2,0.999969482421875,2,1
brisc2025_test_00109_gl_co_t1.jpg,1,2,0.9996834993362427,2,1
brisc2025_test_00005_gl_ax_t1.jpg,1,2,0.9783046245574951,2,1
brisc2025_test_00097_gl_co_t1.jpg,1,2,0.9993305206298828,2,1
brisc2025_test_00223_gl_sa_t1.jpg,1,2,0.9995644688606262,2,1
brisc2025_test_00238_gl_sa_t1.jpg,1,2,0.9980090260505676,2,1
brisc2025_test_00239_gl_sa_t1.jpg,1,2,0.9991515874862671,2,1
brisc2025_test_00161_gl_co_t1.jpg,1,2,0.9896678924560547,2,1
brisc2025_test_00214_gl_sa_t1.jpg,1,2,0.9998063445091248,2,1
brisc2025_test_00206_gl_sa_t1.jpg,1,2,0.9997428059577942,2,1
brisc2025_test_00058_gl_ax_t1.jpg,1,2,0.9998550415039062,2,1
brisc2025_test_00195_gl_sa_t1.jpg,1,2,0.9986907839775085,2,1
brisc2025_test_00169_gl_sa_t1.jpg,1,2,0.9998200535774231,2,1
brisc2025_test_00233_gl_sa_t1.jpg,1,2,0.9956433773040771,2,1
brisc2025_test_00174_gl_sa_t1.jpg,1,2,0.9961451292037964,2,1
brisc2025_test_00225_gl_sa_t1.jpg,1,2,0.9988378882408142,2,1
brisc2025_test_00181_gl_sa_t1.jpg,1,2,0.9969245791435242,2,1
brisc2025_test_00024_gl_ax_t1.jpg,1,2,0.9998645782470703,2,1
brisc2025_test_00046_gl_ax_t1.jpg,1,2,0.9999045133590698,2,1
brisc2025_test_00209_gl_sa_t1.jpg,1,2,0.9996389150619507,2,1
brisc2025_test_00189_gl_sa_t1.jpg,1,2,0.9992856383323669,2,1
brisc2025_test_00194_gl_sa_t1.jpg,1,2,0.999627947807312,2,1
brisc2025_test_00213_gl_sa_t1.jpg,1,2,0.999599277973175,2,1
brisc2025_test_00164_gl_co_t1.jpg,1,2,0.9998624324798584,2,1
brisc2025_test_00212_gl_sa_t1.jpg,1,2,0.9998502731323242,2,1
brisc2025_test_00075_gl_ax_t1.jpg,1,2,0.9999021291732788,2,1
brisc2025_test_00126_gl_co_t1.jpg,1,2,0.9997207522392273,2,1
brisc2025_test_00197_gl_sa_t1.jpg,1,2,0.9996564388275146,2,1
brisc2025_test_00064_gl_ax_t1.jpg,1,2,0.9996142387390137,2,1
brisc2025_test_00057_gl_ax_t1.jpg,1,2,0.9999091625213623,2,1
brisc2025_test_00018_gl_ax_t1.jpg,1,2,0.9998340606689453,2,1
brisc2025_test_00090_gl_co_t1.jpg,1,2,0.9998575448989868,2,1
brisc2025_test_00217_gl_sa_t1.jpg,1,2,0.9998623132705688,2,1
brisc2025_test_00178_gl_sa_t1.jpg,1,2,0.9997174143791199,2,1
brisc2025_test_00078_gl_ax_t1.jpg,1,2,0.9999115467071533,2,1
brisc2025_test_00063_gl_ax_t1.jpg,1,2,0.9996436834335327,2,1
brisc2025_test_00155_gl_co_t1.jpg,1,2,0.9995059967041016,2,1
brisc2025_test_00085_gl_ax_t1.jpg,1,2,0.9997074007987976,2,1
brisc2025_test_00246_gl_sa_t1.jpg,1,2,0.9984733462333679,2,1
brisc2025_test_00215_gl_sa_t1.jpg,1,2,0.9997392296791077,2,1
brisc2025_test_00102_gl_co_t1.jpg,1,2,0.9998095631599426,2,1
brisc2025_test_00088_gl_co_t1.jpg,1,2,0.9978982210159302,2,1
brisc2025_test_00019_gl_ax_t1.jpg,1,2,0.9998394250869751,2,1
brisc2025_test_00047_gl_ax_t1.jpg,1,2,0.9999536275863647,2,1
brisc2025_test_00219_gl_sa_t1.jpg,1,2,0.9936374425888062,2,1
brisc2025_test_00049_gl_ax_t1.jpg,1,2,0.9999163150787354,2,1
brisc2025_test_00188_gl_sa_t1.jpg,1,2,0.9995476603507996,2,1
brisc2025_test_00050_gl_ax_t1.jpg,1,2,0.991794764995575,2,1
brisc2025_test_00231_gl_sa_t1.jpg,1,2,0.976452648639679,2,1
brisc2025_test_00083_gl_ax_t1.jpg,1,2,0.9999749660491943,2,1
brisc2025_test_00045_gl_ax_t1.jpg,1,2,0.9993187189102173,2,1
brisc2025_test_00001_gl_ax_t1.jpg,1,2,0.999930739402771,2,1
brisc2025_test_00143_gl_co_t1.jpg,1,2,0.9995070695877075,2,1
brisc2025_test_00129_gl_co_t1.jpg,1,2,0.999924898147583,2,1
brisc2025_test_00228_gl_sa_t1.jpg,1,2,0.9976832866668701,2,1
brisc2025_test_00147_gl_co_t1.jpg,1,2,0.9519522786140442,2,1
brisc2025_test_00244_gl_sa_t1.jpg,1,2,0.9996868371963501,2,1
brisc2025_test_00170_gl_sa_t1.jpg,1,2,0.9996770620346069,2,1
brisc2025_test_00192_gl_sa_t1.jpg,1,2,0.9994102716445923,2,1
brisc2025_test_00069_gl_ax_t1.jpg,1,2,0.9999136924743652,2,1
brisc2025_test_00066_gl_ax_t1.jpg,1,2,0.9997782111167908,2,1
brisc2025_test_00009_gl_ax_t1.jpg,1,2,0.9998507499694824,2,1
brisc2025_test_00032_gl_ax_t1.jpg,1,2,0.9997474551200867,2,1
brisc2025_test_00222_gl_sa_t1.jpg,1,2,0.9979731440544128,2,1
brisc2025_test_00248_gl_sa_t1.jpg,1,2,0.999138593673706,2,1
brisc2025_test_00172_gl_sa_t1.jpg,1,2,0.9997212290763855,2,1
brisc2025_test_00148_gl_co_t1.jpg,1,2,0.9997156262397766,2,1
brisc2025_test_00127_gl_co_t1.jpg,1,2,0.9994922876358032,2,1
brisc2025_test_00130_gl_co_t1.jpg,1,2,0.9994140863418579,2,1
brisc2025_test_00062_gl_ax_t1.jpg,1,2,0.9998784065246582,2,1
brisc2025_test_00234_gl_sa_t1.jpg,1,2,0.9971702694892883,2,1
brisc2025_test_00059_gl_ax_t1.jpg,1,2,0.9998469352722168,2,1
brisc2025_test_00205_gl_sa_t1.jpg,1,2,0.9997212290763855,2,1
brisc2025_test_00249_gl_sa_t1.jpg,1,2,0.994685173034668,2,1
brisc2025_test_00043_gl_ax_t1.jpg,1,2,0.9998716115951538,2,1
brisc2025_test_00139_gl_co_t1.jpg,1,2,0.999797523021698,2,1
brisc2025_test_00144_gl_co_t1.jpg,1,2,0.9992903470993042,2,1
brisc2025_test_00156_gl_co_t1.jpg,1,2,0.9991115927696228,2,1
brisc2025_test_00039_gl_ax_t1.jpg,1,2,0.9999076128005981,2,1
brisc2025_test_00123_gl_co_t1.jpg,1,2,0.9999085664749146,2,1
brisc2025_test_00247_gl_sa_t1.jpg,1,2,0.999261200428009,2,1
brisc2025_test_00179_gl_sa_t1.jpg,1,2,0.9997840523719788,2,1
brisc2025_test_00080_gl_ax_t1.jpg,1,2,0.9999631643295288,2,1
brisc2025_test_00254_gl_sa_t1.jpg,1,2,0.9979668259620667,2,1
brisc2025_test_00087_gl_co_t1.jpg,1,2,0.9996039271354675,2,1
brisc2025_test_00124_gl_co_t1.jpg,1,2,0.999785840511322,2,1
brisc2025_test_00081_gl_ax_t1.jpg,1,2,0.9996259212493896,2,1
brisc2025_test_00252_gl_sa_t1.jpg,1,2,0.9998289346694946,2,1
brisc2025_test_00237_gl_sa_t1.jpg,1,2,0.9959748387336731,2,1
brisc2025_test_00400_me_co_t1.jpg,0,1,0.9999905824661255,1,1
brisc2025_test_00531_me_sa_t1.jpg,0,1,0.9998791217803955,1,1
brisc2025_test_00519_me_sa_t1.jpg,0,1,0.9997109770774841,1,1
brisc2025_test_00265_me_ax_t1.jpg,0,1,0.9999465942382812,1,1
brisc2025_test_00284_me_ax_t1.jpg,0,1,0.997880220413208,1,1
brisc2025_test_00438_me_co_t1.jpg,0,1,0.9999539852142334,1,1
brisc2025_test_00385_me_ax_t1.jpg,0,1,0.9999842643737793,1,1
brisc2025_test_00360_me_ax_t1.jpg,0,1,0.9999903440475464,1,1
brisc2025_test_00345_me_ax_t1.jpg,0,1,0.9958399534225464,1,1
brisc2025_test_00276_me_ax_t1.jpg,0,1,0.993863582611084,1,1
brisc2025_test_00379_me_ax_t1.jpg,0,1,0.9970844388008118,1,1
brisc2025_test_00557_me_sa_t1.jpg,0,1,0.9999896287918091,1,1
brisc2025_test_00355_me_ax_t1.jpg,0,1,0.9997597336769104,1,1
brisc2025_test_00549_me_sa_t1.jpg,0,1,0.9998722076416016,1,1
brisc2025_test_00542_me_sa_t1.jpg,0,1,0.9975426197052002,1,1
brisc2025_test_00471_me_co_t1.jpg,0,1,0.9897826910018921,1,1
brisc2025_test_00448_me_co_t1.jpg,0,1,0.9978014826774597,1,1
brisc2025_test_00440_me_co_t1.jpg,0,1,0.9995713829994202,1,1
brisc2025_test_00338_me_ax_t1.jpg,0,1,0.9999830722808838,1,1
brisc2025_test_00299_me_ax_t1.jpg,0,1,0.9999990463256836,1,1
brisc2025_test_00393_me_co_t1.jpg,0,1,0.49433088302612305,1,1
brisc2025_test_00469_me_co_t1.jpg,0,1,0.9999029636383057,1,1
brisc2025_test_00301_me_ax_t1.jpg,0,1,0.995612382888794,1,1
brisc2025_test_00336_me_ax_t1.jpg,0,1,0.9999978542327881,1,1
brisc2025_test_00334_me_ax_t1.jpg,0,1,0.9998816251754761,1,1
brisc2025_test_00348_me_ax_t1.jpg,0,1,0.9999830722808838,1,1
brisc2025_test_00341_me_ax_t1.jpg,0,1,0.9999915361404419,1,1
brisc2025_test_00394_me_co_t1.jpg,0,1,0.9923511147499084,1,1
brisc2025_test_00419_me_co_t1.jpg,0,1,0.9999666213989258,1,1
brisc2025_test_00427_me_co_t1.jpg,0,1,0.9999006986618042,1,1
brisc2025_test_00412_me_co_t1.jpg,0,1,0.9415390491485596,1,1
brisc2025_test_00396_me_co_t1.jpg,0,1,0.9999443292617798,1,1
brisc2025_test_00288_me_ax_t1.jpg,0,1,0.9999440908432007,1,1
brisc2025_test_00554_me_sa_t1.jpg,0,1,0.9999895095825195,1,1
brisc2025_test_00340_me_ax_t1.jpg,0,1,0.696020245552063,1,1
brisc2025_test_00543_me_sa_t1.jpg,0,1,0.999933123588562,1,1
brisc2025_test_00544_me_sa_t1.jpg,0,1,0.9997729659080505,1,1
brisc2025_test_00500_me_sa_t1.jpg,0,1,0.99982750415802,1,1
brisc2025_test_00432_me_co_t1.jpg,0,1,0.9980825185775757,1,1
brisc2025_test_00555_me_sa_t1.jpg,0,1,0.9992584586143494,1,1
brisc2025_test_00324_me_ax_t1.jpg,0,1,0.976929247379303,1,1
brisc2025_test_00282_me_ax_t1.jpg,0,1,0.9999767541885376,1,1
brisc2025_test_00263_me_ax_t1.jpg,0,1,0.9969096779823303,1,1
brisc2025_test_00258_me_ax_t1.jpg,0,1,0.9988307356834412,1,1
brisc2025_test_00286_me_ax_t1.jpg,0,1,0.9999818801879883,1,1
brisc2025_test_00479_me_sa_t1.jpg,0,1,0.9999396800994873,1,1
brisc2025_test_00300_me_ax_t1.jpg,0,1,0.9999983310699463,1,1
brisc2025_test_00322_me_ax_t1.jpg,0,1,0.99951171875,1,1
brisc2025_test_00359_me_ax_t1.jpg,0,1,0.9999951124191284,1,1
brisc2025_test_00511_me_sa_t1.jpg,0,1,0.9999797344207764,1,1
brisc2025_test_00454_me_co_t1.jpg,0,1,0.9999607801437378,1,1
brisc2025_test_00453_me_co_t1.jpg,0,1,0.9998795986175537,1,1
brisc2025_test_00302_me_ax_t1.jpg,0,1,0.9948374629020691,1,1
brisc2025_test_00529_me_sa_t1.jpg,0,1,0.9998716115951538,1,1
brisc2025_test_00491_me_sa_t1.jpg,0,1,0.9998212456703186,1,1
brisc2025_test_00372_me_ax_t1.jpg,0,1,0.9851627945899963,1,1
brisc2025_test_00392_me_co_t1.jpg,0,1,0.9991390705108643,1,1
brisc2025_test_00278_me_ax_t1.jpg,0,1,0.9991279244422913,1,1
brisc2025_test_00541_me_sa_t1.jpg,0,1,0.9998279809951782,1,1
brisc2025_test_00524_me_sa_t1.jpg,0,1,0.9976431727409363,1,1
brisc2025_test_00335_me_ax_t1.jpg,0,1,0.9997711777687073,1,1
brisc2025_test_00331_me_ax_t1.jpg,0,1,0.9997859597206116,1,1
brisc2025_test_00293_me_ax_t1.jpg,0,1,0.9997170567512512,1,1
brisc2025_test_00366_me_ax_t1.jpg,0,1,0.9999819993972778,1,1
brisc2025_test_00374_me_ax_t1.jpg,0,1,0.9995666146278381,1,1
brisc2025_test_00464_me_co_t1.jpg,0,1,0.9999842643737793,1,1
brisc2025_test_00277_me_ax_t1.jpg,0,1,0.999764621257782,1,1
brisc2025_test_00269_me_ax_t1.jpg,0,1,0.9776096343994141,1,1
brisc2025_test_00556_me_sa_t1.jpg,0,1,0.999975323677063,1,1
brisc2025_test_00291_me_ax_t1.jpg,0,1,0.9999879598617554,1,1
brisc2025_test_00337_me_ax_t1.jpg,0,1,0.9995762705802917,1,1
brisc2025_test_00515_me_sa_t1.jpg,0,1,0.9999481439590454,1,1
brisc2025_test_00436_me_co_t1.jpg,0,1,0.9959881901741028,1,1
brisc2025_test_00472_me_co_t1.jpg,0,1,0.9998883008956909,1,1
brisc2025_test_00343_me_ax_t1.jpg,0,1,0.9999817609786987,1,1
brisc2025_test_00321_me_ax_t1.jpg,0,1,0.9995301961898804,1,1
brisc2025_test_00384_me_ax_t1.jpg,0,1,0.9999979734420776,1,1
brisc2025_test_00540_me_sa_t1.jpg,0,1,0.9998663663864136,1,1
brisc2025_test_00403_me_co_t1.jpg,0,1,0.9997709393501282,1,1
brisc2025_test_00358_me_ax_t1.jpg,0,1,0.99998939037323,1,1
brisc2025_test_00357_me_ax_t1.jpg,0,1,0.9995911717414856,1,1
brisc2025_test_00532_me_sa_t1.jpg,0,1,0.999946117401123,1,1
brisc2025_test_00480_me_sa_t1.jpg,0,1,0.9999717473983765,1,1
brisc2025_test_00559_me_sa_t1.jpg,0,1,0.9989482760429382,1,1
brisc2025_test_00455_me_co_t1.jpg,0,1,0.9873775839805603,1,1
brisc2025_test_00311_me_ax_t1.jpg,0,1,0.9997947812080383,1,1
brisc2025_test_00534_me_sa_t1.jpg,0,1,0.9997780919075012,1,1
brisc2025_test_00506_me_sa_t1.jpg,0,1,0.9999423027038574,1,1
brisc2025_test_00520_me_sa_t1.jpg,0,1,0.9998524188995361,1,1
brisc2025_test_00275_me_ax_t1.jpg,0,1,0.9991569519042969,1,1
brisc2025_test_00494_me_sa_t1.jpg,0,1,0.9999743700027466,1,1
brisc2025_test_00257_me_ax_t1.jpg,0,1,0.9999878406524658,1,1
brisc2025_test_00530_me_sa_t1.jpg,0,1,0.9997947812080383,1,1
brisc2025_test_00430_me_co_t1.jpg,0,1,0.9999645948410034,1,1
brisc2025_test_00446_me_co_t1.jpg,0,1,0.5870542526245117,1,1
brisc2025_test_00537_me_sa_t1.jpg,0,1,0.999972939491272,1,1
brisc2025_test_00522_me_sa_t1.jpg,0,1,0.9977555871009827,1,1
brisc2025_test_00296_me_ax_t1.jpg,0,1,0.9999836683273315,1,1
brisc2025_test_00390_me_ax_t1.jpg,0,1,0.9090532660484314,1,1
brisc2025_test_00353_me_ax_t1.jpg,0,1,0.9996787309646606,1,1
brisc2025_test_00459_me_co_t1.jpg,0,1,0.9982149600982666,1,1
brisc2025_test_00458_me_co_t1.jpg,0,1,0.9999786615371704,1,1
brisc2025_test_00272_me_ax_t1.jpg,0,1,0.999991774559021,1,1
brisc2025_test_00452_me_co_t1.jpg,0,1,0.999131977558136,1,1
brisc2025_test_00437_me_co_t1.jpg,0,1,0.9975142478942871,1,1
brisc2025_test_00550_me_sa_t1.jpg,0,1,0.9987651109695435,1,1
brisc2025_test_00347_me_ax_t1.jpg,0,1,0.9999923706054688,1,1
brisc2025_test_00487_me_sa_t1.jpg,0,1,0.9997139573097229,1,1
brisc2025_test_00386_me_ax_t1.jpg,0,1,0.9999104738235474,1,1
brisc2025_test_00323_me_ax_t1.jpg,0,1,0.9999326467514038,1,1
brisc2025_test_00405_me_co_t1.jpg,0,1,0.9995906949043274,1,1
brisc2025_test_00270_me_ax_t1.jpg,0,1,0.9998528957366943,1,1
brisc2025_test_00273_me_ax_t1.jpg,0,1,0.9999889135360718,1,1
brisc2025_test_00505_me_sa_t1.jpg,0,1,0.9999778270721436,1,1
brisc2025_test_00421_me_co_t1.jpg,0,1,0.9994688630104065,1,1
brisc2025_test_00308_me_ax_t1.jpg,0,1,0.999997615814209,1,1
brisc2025_test_00422_me_co_t1.jpg,0,1,0.9999481439590454,1,1
brisc2025_test_00492_me_sa_t1.jpg,0,1,0.9998200535774231,1,1
brisc2025_test_00468_me_co_t1.jpg,0,1,0.9999938011169434,1,1
brisc2025_test_00305_me_ax_t1.jpg,0,1,0.9999716281890869,1,1
brisc2025_test_00290_me_ax_t1.jpg,0,1,1.0,1,1
brisc2025_test_00512_me_sa_t1.jpg,0,1,0.9999016523361206,1,1
brisc2025_test_00271_me_ax_t1.jpg,0,1,0.999767005443573,1,1
brisc2025_test_00391_me_ax_t1.jpg,0,1,0.9999854564666748,1,1
brisc2025_test_00467_me_co_t1.jpg,0,1,0.9998155236244202,1,1
brisc2025_test_00514_me_sa_t1.jpg,0,1,0.9997541308403015,1,1
brisc2025_test_00315_me_ax_t1.jpg,0,1,0.9999948740005493,1,1
brisc2025_test_00441_me_co_t1.jpg,0,1,0.9998924732208252,1,1
brisc2025_test_00351_me_ax_t1.jpg,0,1,0.9994828701019287,1,1
brisc2025_test_00309_me_ax_t1.jpg,0,1,0.9993859529495239,1,1
brisc2025_test_00486_me_sa_t1.jpg,0,1,0.999924898147583,1,1
brisc2025_test_00417_me_co_t1.jpg,0,1,0.9999898672103882,1,1
brisc2025_test_00418_me_co_t1.jpg,2,3,0.9943899512290955,1,0
brisc2025_test_00501_me_sa_t1.jpg,0,1,0.9996441602706909,1,1
brisc2025_test_00423_me_co_t1.jpg,0,1,0.9998049139976501,1,1
brisc2025_test_00294_me_ax_t1.jpg,0,1,0.9998438358306885,1,1
brisc2025_test_00317_me_ax_t1.jpg,0,1,0.9987530708312988,1,1
brisc2025_test_00413_me_co_t1.jpg,0,1,0.99978107213974,1,1
brisc2025_test_00415_me_co_t1.jpg,0,1,0.9994059801101685,1,1
brisc2025_test_00442_me_co_t1.jpg,0,1,0.9937593936920166,1,1
brisc2025_test_00489_me_sa_t1.jpg,0,1,0.9924658536911011,1,1
brisc2025_test_00354_me_ax_t1.jpg,0,1,0.9929441809654236,1,1
brisc2025_test_00513_me_sa_t1.jpg,0,1,0.9981184005737305,1,1
brisc2025_test_00352_me_ax_t1.jpg,0,1,0.9999948740005493,1,1
brisc2025_test_00553_me_sa_t1.jpg,0,1,0.9999891519546509,1,1
brisc2025_test_00356_me_ax_t1.jpg,0,1,0.9999901056289673,1,1
brisc2025_test_00407_me_co_t1.jpg,0,1,0.9998853206634521,1,1
brisc2025_test_00365_me_ax_t1.jpg,0,1,0.9993428587913513,1,1
brisc2025_test_00292_me_ax_t1.jpg,0,1,0.9999945163726807,1,1
brisc2025_test_00496_me_sa_t1.jpg,0,1,0.999906063079834,1,1
brisc2025_test_00261_me_ax_t1.jpg,0,1,0.9998342990875244,1,1
brisc2025_test_00431_me_co_t1.jpg,0,1,0.9990744590759277,1,1
brisc2025_test_00295_me_ax_t1.jpg,0,1,0.9998369216918945,1,1
brisc2025_test_00466_me_co_t1.jpg,0,1,0.9998205304145813,1,1
brisc2025_test_00525_me_sa_t1.jpg,0,1,0.9900246858596802,1,1
brisc2025_test_00346_me_ax_t1.jpg,0,1,0.9999803304672241,1,1
brisc2025_test_00425_me_co_t1.jpg,0,1,0.9998860359191895,1,1
brisc2025_test_00482_me_sa_t1.jpg,0,1,0.9997310042381287,1,1
brisc2025_test_00306_me_ax_t1.jpg,0,1,0.9997194409370422,1,1
brisc2025_test_00414_me_co_t1.jpg,0,1,0.999995231628418,1,1
brisc2025_test_00266_me_ax_t1.jpg,0,1,0.9995817542076111,1,1
brisc2025_test_00380_me_ax_t1.jpg,0,1,0.9999539852142334,1,1
brisc2025_test_00523_me_sa_t1.jpg,0,1,0.9993008375167847,1,1
brisc2025_test_00329_me_ax_t1.jpg,0,1,0.9901547431945801,1,1
brisc2025_test_00367_me_ax_t1.jpg,0,1,0.9988069534301758,1,1
brisc2025_test_00488_me_sa_t1.jpg,0,1,0.9988747239112854,1,1
brisc2025_test_00304_me_ax_t1.jpg,0,1,0.9999982118606567,1,1
brisc2025_test_00536_me_sa_t1.jpg,0,1,0.9998961687088013,1,1
brisc2025_test_00344_me_ax_t1.jpg,0,1,0.9999773502349854,1,1
brisc2025_test_00429_me_co_t1.jpg,0,1,0.9999932050704956,1,1
brisc2025_test_00444_me_co_t1.jpg,0,1,0.9909074306488037,1,1
brisc2025_test_00328_me_ax_t1.jpg,0,1,0.9999901056289673,1,1
brisc2025_test_00397_me_co_t1.jpg,0,1,0.9999920129776001,1,1
brisc2025_test_00503_me_sa_t1.jpg,0,1,0.994023859500885,1,1
brisc2025_test_00495_me_sa_t1.jpg,0,1,0.9925779700279236,1,1
brisc2025_test_00507_me_sa_t1.jpg,0,1,0.998068630695343,1,1
brisc2025_test_00485_me_sa_t1.jpg,0,1,0.9998936653137207,1,1
brisc2025_test_00456_me_co_t1.jpg,0,1,0.992790699005127,1,1
brisc2025_test_00303_me_ax_t1.jpg,0,1,0.9994630217552185,1,1
brisc2025_test_00465_me_co_t1.jpg,0,1,0.9998857975006104,1,1
brisc2025_test_00461_me_co_t1.jpg,0,1,0.9998946189880371,1,1
brisc2025_test_00474_me_co_t1.jpg,0,1,0.9999604225158691,1,1
brisc2025_test_00377_me_ax_t1.jpg,0,1,0.9999935626983643,1,1
brisc2025_test_00378_me_ax_t1.jpg,0,1,0.9999616146087646,1,1
brisc2025_test_00268_me_ax_t1.jpg,0,1,0.9993603825569153,1,1
brisc2025_test_00376_me_ax_t1.jpg,0,1,0.9997116923332214,1,1
brisc2025_test_00551_me_sa_t1.jpg,0,1,0.9995372295379639,1,1
brisc2025_test_00410_me_co_t1.jpg,0,1,0.9998055100440979,1,1
brisc2025_test_00463_me_co_t1.jpg,0,1,0.9996986389160156,1,1
brisc2025_test_00399_me_co_t1.jpg,0,1,0.9998733997344971,1,1
brisc2025_test_00434_me_co_t1.jpg,0,1,0.9959474205970764,1,1
brisc2025_test_00499_me_sa_t1.jpg,0,1,0.9997254014015198,1,1
brisc2025_test_00408_me_co_t1.jpg,0,1,0.9999868869781494,1,1
brisc2025_test_00552_me_sa_t1.jpg,0,1,0.9973304271697998,1,1
brisc2025_test_00279_me_ax_t1.jpg,0,1,0.9999916553497314,1,1
brisc2025_test_00395_me_co_t1.jpg,0,1,0.9999880790710449,1,1
brisc2025_test_00477_me_co_t1.jpg,0,1,0.9999710321426392,1,1
brisc2025_test_00325_me_ax_t1.jpg,0,1,0.9996066689491272,1,1
brisc2025_test_00342_me_ax_t1.jpg,0,1,0.999996542930603,1,1
brisc2025_test_00528_me_sa_t1.jpg,0,1,0.9984605312347412,1,1
brisc2025_test_00483_me_sa_t1.jpg,0,1,0.9985414743423462,1,1
brisc2025_test_00319_me_ax_t1.jpg,0,1,0.9929441809654236,1,1
brisc2025_test_00339_me_ax_t1.jpg,0,1,0.99997878074646,1,1
brisc2025_test_00516_me_sa_t1.jpg,0,1,0.9999641180038452,1,1
brisc2025_test_00298_me_ax_t1.jpg,0,1,0.9999998807907104,1,1
brisc2025_test_00409_me_co_t1.jpg,0,1,0.9999896287918091,1,1
brisc2025_test_00478_me_sa_t1.jpg,0,1,0.9997586607933044,1,1
brisc2025_test_00428_me_co_t1.jpg,0,1,0.9997990727424622,1,1
brisc2025_test_00369_me_ax_t1.jpg,0,1,0.9999191761016846,1,1
brisc2025_test_00297_me_ax_t1.jpg,0,1,0.9999985694885254,1,1
brisc2025_test_00508_me_sa_t1.jpg,0,1,0.999760091304779,1,1
brisc2025_test_00521_me_sa_t1.jpg,0,1,0.993175208568573,1,1
brisc2025_test_00326_me_ax_t1.jpg,0,1,0.9999047517776489,1,1
brisc2025_test_00533_me_sa_t1.jpg,0,1,0.8436713218688965,1,1
brisc2025_test_00460_me_co_t1.jpg,0,1,0.9768993258476257,1,1
brisc2025_test_00330_me_ax_t1.jpg,0,1,0.9999502897262573,1,1
brisc2025_test_00387_me_ax_t1.jpg,0,1,0.9999959468841553,1,1
brisc2025_test_00260_me_ax_t1.jpg,0,1,0.9999624490737915,1,1
brisc2025_test_00349_me_ax_t1.jpg,0,1,0.9972091317176819,1,1
brisc2025_test_00274_me_ax_t1.jpg,0,1,0.999782383441925,1,1
brisc2025_test_00476_me_co_t1.jpg,0,1,0.999395489692688,1,1
brisc2025_test_00371_me_ax_t1.jpg,0,1,0.9998936653137207,1,1
brisc2025_test_00435_me_co_t1.jpg,0,1,0.9897839426994324,1,1
brisc2025_test_00287_me_ax_t1.jpg,0,1,0.9999915361404419,1,1
brisc2025_test_00545_me_sa_t1.jpg,0,1,0.9985766410827637,1,1
brisc2025_test_00312_me_ax_t1.jpg,0,1,0.9991495609283447,1,1
brisc2025_test_00462_me_co_t1.jpg,0,1,0.9997623562812805,1,1
brisc2025_test_00307_me_ax_t1.jpg,0,1,0.9999996423721313,1,1
brisc2025_test_00281_me_ax_t1.jpg,3,4,0.9122249484062195,1,0
brisc2025_test_00517_me_sa_t1.jpg,0,1,0.9998255372047424,1,1
brisc2025_test_00310_me_ax_t1.jpg,0,1,0.9999929666519165,1,1
brisc2025_test_00375_me_ax_t1.jpg,0,1,0.999991774559021,1,1
brisc2025_test_00548_me_sa_t1.jpg,0,1,0.999923825263977,1,1
brisc2025_test_00433_me_co_t1.jpg,0,1,0.9997392296791077,1,1
brisc2025_test_00373_me_ax_t1.jpg,0,1,0.9981630444526672,1,1
brisc2025_test_00383_me_ax_t1.jpg,0,1,0.9999589920043945,1,1
brisc2025_test_00363_me_ax_t1.jpg,0,1,0.8938273191452026,1,1
brisc2025_test_00381_me_ax_t1.jpg,0,1,0.9998311996459961,1,1
brisc2025_test_00370_me_ax_t1.jpg,0,1,0.9999715089797974,1,1
brisc2025_test_00447_me_co_t1.jpg,0,1,0.9999161958694458,1,1
brisc2025_test_00538_me_sa_t1.jpg,0,1,0.9981456995010376,1,1
brisc2025_test_00368_me_ax_t1.jpg,0,1,0.9999197721481323,1,1
brisc2025_test_00320_me_ax_t1.jpg,0,1,0.990793764591217,1,1
brisc2025_test_00406_me_co_t1.jpg,0,1,0.9982410669326782,1,1
brisc2025_test_00439_me_co_t1.jpg,0,1,0.9998477697372437,1,1
brisc2025_test_00518_me_sa_t1.jpg,0,1,0.9999656677246094,1,1
brisc2025_test_00364_me_ax_t1.jpg,0,1,0.9999490976333618,1,1
brisc2025_test_00318_me_ax_t1.jpg,0,1,0.9999727010726929,1,1
brisc2025_test_00267_me_ax_t1.jpg,0,1,0.9999873638153076,1,1
brisc2025_test_00502_me_sa_t1.jpg,0,1,0.9993940591812134,1,1
brisc2025_test_00449_me_co_t1.jpg,0,1,0.9999417066574097,1,1
brisc2025_test_00475_me_co_t1.jpg,0,1,0.9993826150894165,1,1
brisc2025_test_00504_me_sa_t1.jpg,0,1,0.9924865961074829,1,1
brisc2025_test_00445_me_co_t1.jpg,0,1,0.9999750852584839,1,1
brisc2025_test_00362_me_ax_t1.jpg,0,1,0.9985361099243164,1,1
brisc2025_test_00509_me_sa_t1.jpg,0,1,0.9999372959136963,1,1
brisc2025_test_00411_me_co_t1.jpg,0,1,0.9973614811897278,1,1
brisc2025_test_00451_me_co_t1.jpg,0,1,0.9994237422943115,1,1
brisc2025_test_00473_me_co_t1.jpg,0,1,0.9999573230743408,1,1
brisc2025_test_00333_me_ax_t1.jpg,0,1,0.9993360638618469,1,1
brisc2025_test_00398_me_co_t1.jpg,0,1,0.9999423027038574,1,1
brisc2025_test_00314_me_ax_t1.jpg,0,1,0.9999384880065918,1,1
brisc2025_test_00484_me_sa_t1.jpg,0,1,0.9980751276016235,1,1
brisc2025_test_00259_me_ax_t1.jpg,0,1,0.9999769926071167,1,1
brisc2025_test_00493_me_sa_t1.jpg,0,1,0.9999922513961792,1,1
brisc2025_test_00558_me_sa_t1.jpg,0,1,0.876073956489563,1,1
brisc2025_test_00498_me_sa_t1.jpg,0,1,0.9999368190765381,1,1
brisc2025_test_00470_me_co_t1.jpg,0,1,0.9995582699775696,1,1
brisc2025_test_00481_me_sa_t1.jpg,0,1,0.9999322891235352,1,1
brisc2025_test_00382_me_ax_t1.jpg,0,1,0.9999052286148071,1,1
brisc2025_test_00424_me_co_t1.jpg,0,1,0.9998533725738525,1,1
brisc2025_test_00497_me_sa_t1.jpg,0,1,0.999993085861206,1,1
brisc2025_test_00490_me_sa_t1.jpg,0,1,0.9993971586227417,1,1
brisc2025_test_00389_me_ax_t1.jpg,0,1,0.9999686479568481,1,1
brisc2025_test_00256_me_ax_t1.jpg,0,1,0.9972091317176819,1,1
brisc2025_test_00510_me_sa_t1.jpg,0,1,0.9999856948852539,1,1
brisc2025_test_00420_me_co_t1.jpg,0,1,0.999605119228363,1,1
brisc2025_test_00332_me_ax_t1.jpg,0,1,0.9999096393585205,1,1
brisc2025_test_00443_me_co_t1.jpg,0,1,0.9998425245285034,1,1
brisc2025_test_00316_me_ax_t1.jpg,0,1,0.9999973773956299,1,1
brisc2025_test_00280_me_ax_t1.jpg,0,1,0.9999997615814209,1,1
brisc2025_test_00416_me_co_t1.jpg,0,1,0.9994059801101685,1,1
brisc2025_test_00262_me_ax_t1.jpg,0,1,0.9991569519042969,1,1
brisc2025_test_00401_me_co_t1.jpg,0,1,0.9999279975891113,1,1
brisc2025_test_00289_me_ax_t1.jpg,0,1,0.9981260895729065,1,1
brisc2025_test_00313_me_ax_t1.jpg,0,1,0.9998123049736023,1,1
brisc2025_test_00264_me_ax_t1.jpg,0,1,0.9999997615814209,1,1
brisc2025_test_00539_me_sa_t1.jpg,0,1,0.9784243106842041,1,1
brisc2025_test_00285_me_ax_t1.jpg,0,1,0.997484564781189,1,1
brisc2025_test_00426_me_co_t1.jpg,0,1,0.9994513392448425,1,1
brisc2025_test_00450_me_co_t1.jpg,0,1,0.9999845027923584,1,1
brisc2025_test_00388_me_ax_t1.jpg,0,1,0.9999898672103882,1,1
brisc2025_test_00402_me_co_t1.jpg,0,1,0.9999872446060181,1,1
brisc2025_test_00535_me_sa_t1.jpg,0,1,0.99782395362854,1,1
brisc2025_test_00350_me_ax_t1.jpg,0,1,0.9965800642967224,1,1
brisc2025_test_00361_me_ax_t1.jpg,0,1,0.9999932050704956,1,1
brisc2025_test_00560_me_sa_t1.jpg,0,1,0.9999884366989136,1,1
brisc2025_test_00283_me_ax_t1.jpg,0,1,0.9999512434005737,1,1
brisc2025_test_00527_me_sa_t1.jpg,0,1,0.9997269511222839,1,1
brisc2025_test_00404_me_co_t1.jpg,0,1,0.9989472031593323,1,1
brisc2025_test_00327_me_ax_t1.jpg,0,1,0.999775230884552,1,1
brisc2025_test_00457_me_co_t1.jpg,0,1,0.9992789626121521,1,1
brisc2025_test_00546_me_sa_t1.jpg,0,1,0.999998927116394,1,1
brisc2025_test_00255_me_ax_t1.jpg,0,1,0.9954255223274231,1,1
brisc2025_test_00526_me_sa_t1.jpg,0,1,0.9932669401168823,1,1
brisc2025_test_00547_me_sa_t1.jpg,0,1,0.9999977350234985,1,1
brisc2025_test_00564_no_ax_t1.jpg,3,4,0.9999833106994629,4,1
brisc2025_test_00635_no_co_t1.jpg,3,4,0.9999616146087646,4,1
brisc2025_test_00608_no_ax_t1.jpg,3,4,0.9999983310699463,4,1
brisc2025_test_00572_no_ax_t1.jpg,3,4,0.9999997615814209,4,1
brisc2025_test_00691_no_sa_t1.jpg,3,4,0.9999452829360962,4,1
brisc2025_test_00657_no_co_t1.jpg,3,4,0.9999998807907104,4,1
brisc2025_test_00643_no_co_t1.jpg,3,4,0.9999779462814331,4,1
brisc2025_test_00675_no_sa_t1.jpg,3,4,0.9984840750694275,4,1
brisc2025_test_00688_no_sa_t1.jpg,3,4,0.9999241828918457,4,1
brisc2025_test_00620_no_co_t1.jpg,3,4,0.9999996423721313,4,1
brisc2025_test_00663_no_sa_t1.jpg,3,4,0.9999957084655762,4,1
brisc2025_test_00641_no_co_t1.jpg,3,4,0.9999955892562866,4,1
brisc2025_test_00661_no_sa_t1.jpg,3,4,0.9999829530715942,4,1
brisc2025_test_00588_no_ax_t1.jpg,3,4,0.9999984502792358,4,1
brisc2025_test_00674_no_sa_t1.jpg,3,4,0.9999114274978638,4,1
brisc2025_test_00694_no_sa_t1.jpg,3,4,0.9997603297233582,4,1
brisc2025_test_00603_no_ax_t1.jpg,3,4,0.9999996423721313,4,1
brisc2025_test_00599_no_ax_t1.jpg,3,4,0.9999986886978149,4,1
brisc2025_test_00669_no_sa_t1.jpg,3,4,0.9997326731681824,4,1
brisc2025_test_00636_no_co_t1.jpg,3,4,0.9998719692230225,4,1
brisc2025_test_00632_no_co_t1.jpg,3,4,0.9999966621398926,4,1
brisc2025_test_00681_no_sa_t1.jpg,3,4,0.9999912977218628,4,1
brisc2025_test_00623_no_co_t1.jpg,3,4,0.9999959468841553,4,1
brisc2025_test_00648_no_co_t1.jpg,3,4,1.0,4,1
brisc2025_test_00570_no_ax_t1.jpg,3,4,0.9999998807907104,4,1
brisc2025_test_00665_no_sa_t1.jpg,3,4,0.9999994039535522,4,1
brisc2025_test_00692_no_sa_t1.jpg,3,4,0.9991351962089539,4,1
brisc2025_test_00619_no_co_t1.jpg,3,4,0.9999970197677612,4,1
brisc2025_test_00700_no_sa_t1.jpg,3,4,0.9999825954437256,4,1
brisc2025_test_00577_no_ax_t1.jpg,3,4,1.0,4,1
brisc2025_test_00679_no_sa_t1.jpg,3,4,0.9999988079071045,4,1
brisc2025_test_00680_no_sa_t1.jpg,3,4,0.9999998807907104,4,1
brisc2025_test_00567_no_ax_t1.jpg,3,4,0.9999817609786987,4,1
brisc2025_test_00600_no_ax_t1.jpg,3,4,1.0,4,1
brisc2025_test_00607_no_ax_t1.jpg,3,4,0.9999970197677612,4,1
brisc2025_test_00693_no_sa_t1.jpg,3,4,0.9986292123794556,4,1
brisc2025_test_00695_no_sa_t1.jpg,3,4,0.9999854564666748,4,1
brisc2025_test_00682_no_sa_t1.jpg,3,4,0.9999992847442627,4,1
brisc2025_test_00630_no_co_t1.jpg,3,4,0.9999635219573975,4,1
brisc2025_test_00612_no_ax_t1.jpg,3,4,0.999923825263977,4,1
brisc2025_test_00626_no_co_t1.jpg,3,4,0.9999384880065918,4,1
brisc2025_test_00589_no_ax_t1.jpg,3,4,0.9999957084655762,4,1
brisc2025_test_00585_no_ax_t1.jpg,3,4,1.0,4,1
brisc2025_test_00568_no_ax_t1.jpg,3,4,0.9990160465240479,4,1
brisc2025_test_00689_no_sa_t1.jpg,3,4,0.999599039554596,4,1
brisc2025_test_00699_no_sa_t1.jpg,3,4,0.9999947547912598,4,1
brisc2025_test_00667_no_sa_t1.jpg,3,4,0.9999393224716187,4,1
brisc2025_test_00658_no_co_t1.jpg,3,4,0.9999980926513672,4,1
brisc2025_test_00610_no_ax_t1.jpg,3,4,1.0,4,1
brisc2025_test_00590_no_ax_t1.jpg,3,4,0.9999456405639648,4,1
brisc2025_test_00597_no_ax_t1.jpg,3,4,0.9999984502792358,4,1
brisc2025_test_00629_no_co_t1.jpg,3,4,0.99997878074646,4,1
brisc2025_test_00690_no_sa_t1.jpg,3,4,0.9997521042823792,4,1
brisc2025_test_00622_no_co_t1.jpg,3,4,0.9999916553497314,4,1
brisc2025_test_00686_no_sa_t1.jpg,3,4,0.9999932050704956,4,1
brisc2025_test_00614_no_co_t1.jpg,3,4,0.9999663829803467,4,1
brisc2025_test_00670_no_sa_t1.jpg,3,4,0.9997128844261169,4,1
brisc2025_test_00595_no_ax_t1.jpg,3,4,0.9998247027397156,4,1
brisc2025_test_00604_no_ax_t1.jpg,3,4,0.9999815225601196,4,1
brisc2025_test_00662_no_sa_t1.jpg,3,4,0.9999974966049194,4,1
brisc2025_test_00616_no_co_t1.jpg,3,4,0.9999696016311646,4,1
brisc2025_test_00621_no_co_t1.jpg,3,4,0.9999984502792358,4,1
brisc2025_test_00664_no_sa_t1.jpg,3,4,0.9999604225158691,4,1
brisc2025_test_00617_no_co_t1.jpg,3,4,0.9999994039535522,4,1
brisc2025_test_00633_no_co_t1.jpg,3,4,0.9999998807907104,4,1
brisc2025_test_00696_no_sa_t1.jpg,3,4,0.9999876022338867,4,1
brisc2025_test_00563_no_ax_t1.jpg,3,4,0.9999988079071045,4,1
brisc2025_test_00609_no_ax_t1.jpg,3,4,0.9997381567955017,4,1
brisc2025_test_00654_no_co_t1.jpg,3,4,0.9999998807907104,4,1
brisc2025_test_00628_no_co_t1.jpg,3,4,0.9999086856842041,4,1
brisc2025_test_00598_no_ax_t1.jpg,3,4,1.0,4,1
brisc2025_test_00601_no_ax_t1.jpg,3,4,0.9999964237213135,4,1
brisc2025_test_00698_no_sa_t1.jpg,3,4,0.9999967813491821,4,1
brisc2025_test_00645_no_co_t1.jpg,3,4,0.9999940395355225,4,1
brisc2025_test_00625_no_co_t1.jpg,3,4,0.9999992847442627,4,1
brisc2025_test_00575_no_ax_t1.jpg,3,4,1.0,4,1
brisc2025_test_00605_no_ax_t1.jpg,3,4,0.9999998807907104,4,1
brisc2025_test_00569_no_ax_t1.jpg,3,4,0.9999998807907104,4,1
brisc2025_test_00583_no_ax_t1.jpg,3,4,1.0,4,1
brisc2025_test_00642_no_co_t1.jpg,3,4,0.9999977350234985,4,1
brisc2025_test_00655_no_co_t1.jpg,3,4,0.9999991655349731,4,1
brisc2025_test_00571_no_ax_t1.jpg,3,4,0.9999986886978149,4,1
brisc2025_test_00668_no_sa_t1.jpg,3,4,0.9999927282333374,4,1
brisc2025_test_00573_no_ax_t1.jpg,3,4,0.9999984502792358,4,1
brisc2025_test_00651_no_co_t1.jpg,3,4,1.0,4,1
brisc2025_test_00576_no_ax_t1.jpg,3,4,1.0,4,1
brisc2025_test_00638_no_co_t1.jpg,3,4,0.9999983310699463,4,1
brisc2025_test_00586_no_ax_t1.jpg,3,4,0.9999991655349731,4,1
brisc2025_test_00602_no_ax_t1.jpg,3,4,0.9999955892562866,4,1
brisc2025_test_00587_no_ax_t1.jpg,3,4,0.9999997615814209,4,1
brisc2025_test_00561_no_ax_t1.jpg,3,4,0.9999843835830688,4,1
brisc2025_test_00594_no_ax_t1.jpg,3,4,0.999957799911499,4,1
brisc2025_test_00684_no_sa_t1.jpg,3,4,0.999998927116394,4,1
brisc2025_test_00697_no_sa_t1.jpg,3,4,0.9999990463256836,4,1
brisc2025_test_00615_no_co_t1.jpg,3,4,0.999994158744812,4,1
brisc2025_test_00624_no_co_t1.jpg,3,4,0.9999768733978271,4,1
brisc2025_test_00659_no_co_t1.jpg,3,4,0.9999977350234985,4,1
brisc2025_test_00592_no_ax_t1.jpg,3,4,0.9999645948410034,4,1
brisc2025_test_00579_no_ax_t1.jpg,3,4,0.9999998807907104,4,1
brisc2025_test_00671_no_sa_t1.jpg,3,4,0.9999262094497681,4,1
brisc2025_test_00650_no_co_t1.jpg,3,4,1.0,4,1
brisc2025_test_00631_no_co_t1.jpg,3,4,0.9999992847442627,4,1
brisc2025_test_00637_no_co_t1.jpg,3,4,0.999984860420227,4,1
brisc2025_test_00649_no_co_t1.jpg,3,4,0.9999982118606567,4,1
brisc2025_test_00672_no_sa_t1.jpg,3,4,0.9997759461402893,4,1
brisc2025_test_00640_no_co_t1.jpg,3,4,0.9999958276748657,4,1
brisc2025_test_00562_no_ax_t1.jpg,3,4,0.9999977350234985,4,1
brisc2025_test_00676_no_sa_t1.jpg,3,4,0.999886155128479,4,1
brisc2025_test_00634_no_co_t1.jpg,3,4,0.9999940395355225,4,1
brisc2025_test_00678_no_sa_t1.jpg,3,4,0.9999188184738159,4,1
brisc2025_test_00687_no_sa_t1.jpg,3,4,0.9999825954437256,4,1
brisc2025_test_00685_no_sa_t1.jpg,3,4,0.9999995231628418,4,1
brisc2025_test_00666_no_sa_t1.jpg,3,4,0.9999619722366333,4,1
brisc2025_test_00565_no_ax_t1.jpg,3,4,0.9999996423721313,4,1
brisc2025_test_00647_no_co_t1.jpg,3,4,0.9999995231628418,4,1
brisc2025_test_00606_no_ax_t1.jpg,3,4,0.9999765157699585,4,1
brisc2025_test_00652_no_co_t1.jpg,3,4,0.9999994039535522,4,1
brisc2025_test_00673_no_sa_t1.jpg,3,4,0.9931015968322754,4,1
brisc2025_test_00653_no_co_t1.jpg,3,4,0.9999979734420776,4,1
brisc2025_test_00613_no_co_t1.jpg,3,4,0.9999912977218628,4,1
brisc2025_test_00584_no_ax_t1.jpg,3,4,0.9999980926513672,4,1
brisc2025_test_00611_no_ax_t1.jpg,3,4,0.997550904750824,4,1
brisc2025_test_00660_no_co_t1.jpg,3,4,0.9999977350234985,4,1
brisc2025_test_00566_no_ax_t1.jpg,3,4,0.9999761581420898,4,1
brisc2025_test_00578_no_ax_t1.jpg,3,4,0.9999998807907104,4,1
brisc2025_test_00656_no_co_t1.jpg,3,4,0.9999992847442627,4,1
brisc2025_test_00581_no_ax_t1.jpg,3,4,0.9999991655349731,4,1
brisc2025_test_00593_no_ax_t1.jpg,3,4,0.9999991655349731,4,1
brisc2025_test_00677_no_sa_t1.jpg,3,4,0.9999814033508301,4,1
brisc2025_test_00683_no_sa_t1.jpg,3,4,0.9999994039535522,4,1
brisc2025_test_00627_no_co_t1.jpg,3,4,0.9999983310699463,4,1
brisc2025_test_00574_no_ax_t1.jpg,3,4,0.9999998807907104,4,1
brisc2025_test_00582_no_ax_t1.jpg,3,4,0.9999997615814209,4,1
brisc2025_test_00580_no_ax_t1.jpg,3,4,0.9999998807907104,4,1
brisc2025_test_00591_no_ax_t1.jpg,3,4,0.9999997615814209,4,1
brisc2025_test_00618_no_co_t1.jpg,3,4,0.9999459981918335,4,1
brisc2025_test_00639_no_co_t1.jpg,3,4,1.0,4,1
brisc2025_test_00644_no_co_t1.jpg,3,4,0.999995231628418,4,1
brisc2025_test_00646_no_co_t1.jpg,3,4,0.9999980926513672,4,1
brisc2025_test_00596_no_ax_t1.jpg,3,4,0.9999990463256836,4,1
brisc2025_test_00873_pi_co_t1.jpg,2,3,0.999976634979248,3,1
brisc2025_test_00739_pi_ax_t1.jpg,2,3,0.9999511241912842,3,1
brisc2025_test_00752_pi_ax_t1.jpg,2,3,0.9999480247497559,3,1
brisc2025_test_00746_pi_ax_t1.jpg,2,3,0.9999681711196899,3,1
brisc2025_test_00783_pi_ax_t1.jpg,2,3,0.9999904632568359,3,1
brisc2025_test_00727_pi_ax_t1.jpg,2,3,0.9999498128890991,3,1
brisc2025_test_00966_pi_sa_t1.jpg,2,3,0.9999717473983765,3,1
brisc2025_test_00757_pi_ax_t1.jpg,2,3,0.9927694797515869,3,1
brisc2025_test_00707_pi_ax_t1.jpg,2,3,0.9999712705612183,3,1
brisc2025_test_00946_pi_sa_t1.jpg,2,3,0.9999514818191528,3,1
brisc2025_test_00766_pi_ax_t1.jpg,2,3,0.999967098236084,3,1
brisc2025_test_00887_pi_co_t1.jpg,2,3,0.999997615814209,3,1
brisc2025_test_00790_pi_ax_t1.jpg,2,3,0.999846339225769,3,1
brisc2025_test_00795_pi_ax_t1.jpg,2,3,0.9999406337738037,3,1
brisc2025_test_00944_pi_sa_t1.jpg,2,3,0.9998261332511902,3,1
brisc2025_test_00729_pi_ax_t1.jpg,2,3,0.9999696016311646,3,1
brisc2025_test_00827_pi_co_t1.jpg,2,3,0.9999822378158569,3,1
brisc2025_test_00851_pi_co_t1.jpg,2,3,0.9998358488082886,3,1
brisc2025_test_00756_pi_ax_t1.jpg,2,3,0.9998917579650879,3,1
brisc2025_test_00869_pi_co_t1.jpg,2,3,0.9999902248382568,3,1
brisc2025_test_00711_pi_ax_t1.jpg,2,3,0.99993896484375,3,1
brisc2025_test_00994_pi_sa_t1.jpg,2,3,0.9997662901878357,3,1
brisc2025_test_00899_pi_co_t1.jpg,2,3,0.9998735189437866,3,1
brisc2025_test_01000_pi_sa_t1.jpg,2,3,0.9999555349349976,3,1
brisc2025_test_00843_pi_co_t1.jpg,2,3,0.999984622001648,3,1
brisc2025_test_00777_pi_ax_t1.jpg,2,3,0.9998623132705688,3,1
brisc2025_test_00963_pi_sa_t1.jpg,2,3,0.9999638795852661,3,1
brisc2025_test_00748_pi_ax_t1.jpg,2,3,0.9999847412109375,3,1
brisc2025_test_00975_pi_sa_t1.jpg,2,3,0.9999593496322632,3,1
brisc2025_test_00855_pi_co_t1.jpg,2,3,0.9999724626541138,3,1
brisc2025_test_00906_pi_co_t1.jpg,2,3,0.9999947547912598,3,1
brisc2025_test_00880_pi_co_t1.jpg,2,3,0.9999996423721313,3,1
brisc2025_test_00902_pi_co_t1.jpg,2,3,0.9999905824661255,3,1
brisc2025_test_00940_pi_sa_t1.jpg,2,3,0.9992573857307434,3,1
brisc2025_test_00984_pi_sa_t1.jpg,2,3,0.9999808073043823,3,1
brisc2025_test_00808_pi_ax_t1.jpg,2,3,0.9980394244194031,3,1
brisc2025_test_00830_pi_co_t1.jpg,2,3,0.9999783039093018,3,1
brisc2025_test_00988_pi_sa_t1.jpg,2,3,0.9999396800994873,3,1
brisc2025_test_00852_pi_co_t1.jpg,2,3,0.9999637603759766,3,1
brisc2025_test_00774_pi_ax_t1.jpg,2,3,0.9999411106109619,3,1
brisc2025_test_00970_pi_sa_t1.jpg,2,3,0.9997660517692566,3,1
brisc2025_test_00860_pi_co_t1.jpg,2,3,0.9999996423721313,3,1
brisc2025_test_00704_pi_ax_t1.jpg,2,3,0.9999423027038574,3,1
brisc2025_test_00910_pi_co_t1.jpg,2,3,0.999123752117157,3,1
brisc2025_test_00723_pi_ax_t1.jpg,2,3,0.9999738931655884,3,1
brisc2025_test_00854_pi_co_t1.jpg,2,3,0.9999384880065918,3,1
brisc2025_test_00857_pi_co_t1.jpg,2,3,0.9996823072433472,3,1
brisc2025_test_00772_pi_ax_t1.jpg,2,3,0.9999738931655884,3,1
brisc2025_test_00763_pi_ax_t1.jpg,2,3,0.9997329115867615,3,1
brisc2025_test_00967_pi_sa_t1.jpg,2,3,0.9999604225158691,3,1
brisc2025_test_00945_pi_sa_t1.jpg,2,3,0.9999861717224121,3,1
brisc2025_test_00701_pi_ax_t1.jpg,2,3,0.9999585151672363,3,1
brisc2025_test_00921_pi_sa_t1.jpg,2,3,0.9999744892120361,3,1
brisc2025_test_00719_pi_ax_t1.jpg,2,3,0.9999744892120361,3,1
brisc2025_test_00741_pi_ax_t1.jpg,2,3,0.9999643564224243,3,1
brisc2025_test_00971_pi_sa_t1.jpg,2,3,0.9999450445175171,3,1
brisc2025_test_00911_pi_co_t1.jpg,2,3,0.9999889135360718,3,1
brisc2025_test_00922_pi_sa_t1.jpg,2,3,0.9999475479125977,3,1
brisc2025_test_00765_pi_ax_t1.jpg,2,3,0.9998329877853394,3,1
brisc2025_test_00835_pi_co_t1.jpg,2,3,0.999948263168335,3,1
brisc2025_test_00822_pi_ax_t1.jpg,2,3,0.9999611377716064,3,1
brisc2025_test_00898_pi_co_t1.jpg,2,3,0.9999806880950928,3,1
brisc2025_test_00716_pi_ax_t1.jpg,2,3,0.9998751878738403,3,1
brisc2025_test_00886_pi_co_t1.jpg,2,3,0.9999983310699463,3,1
brisc2025_test_00872_pi_co_t1.jpg,2,3,0.9999403953552246,3,1
brisc2025_test_00744_pi_ax_t1.jpg,2,3,0.9999827146530151,3,1
brisc2025_test_00917_pi_sa_t1.jpg,2,3,0.9995455145835876,3,1
brisc2025_test_00786_pi_ax_t1.jpg,2,3,0.9996688365936279,3,1
brisc2025_test_00978_pi_sa_t1.jpg,2,3,0.9999127388000488,3,1
brisc2025_test_00792_pi_ax_t1.jpg,2,3,0.9966285824775696,3,1
brisc2025_test_00831_pi_co_t1.jpg,2,3,0.9999539852142334,3,1
brisc2025_test_00981_pi_sa_t1.jpg,2,3,0.9999780654907227,3,1
brisc2025_test_00745_pi_ax_t1.jpg,2,3,0.9998501539230347,3,1
brisc2025_test_00952_pi_sa_t1.jpg,2,3,0.9999953508377075,3,1
brisc2025_test_00717_pi_ax_t1.jpg,2,3,0.9998854398727417,3,1
brisc2025_test_00890_pi_co_t1.jpg,2,3,0.9999585151672363,3,1
brisc2025_test_00812_pi_ax_t1.jpg,2,3,0.9967617392539978,3,1
brisc2025_test_00912_pi_co_t1.jpg,2,3,0.9999911785125732,3,1
brisc2025_test_00832_pi_co_t1.jpg,2,3,0.9998419284820557,3,1
brisc2025_test_00840_pi_co_t1.jpg,2,3,0.9999483823776245,3,1
brisc2025_test_00915_pi_sa_t1.jpg,2,3,0.9999693632125854,3,1
brisc2025_test_00722_pi_ax_t1.jpg,2,3,0.9997232556343079,3,1
brisc2025_test_00791_pi_ax_t1.jpg,2,3,0.9999628067016602,3,1
brisc2025_test_00798_pi_ax_t1.jpg,2,3,0.9996789693832397,3,1
brisc2025_test_00839_pi_co_t1.jpg,2,3,0.999190628528595,3,1
brisc2025_test_00850_pi_co_t1.jpg,2,3,0.9999954700469971,3,1
brisc2025_test_00737_pi_ax_t1.jpg,2,3,0.999915599822998,3,1
brisc2025_test_00833_pi_co_t1.jpg,2,3,0.9999998807907104,3,1
brisc2025_test_00907_pi_co_t1.jpg,2,3,0.9999353885650635,3,1
brisc2025_test_00878_pi_co_t1.jpg,2,3,0.998792290687561,3,1
brisc2025_test_00825_pi_co_t1.jpg,2,3,0.999950647354126,3,1
brisc2025_test_00702_pi_ax_t1.jpg,2,3,0.9999874830245972,3,1
brisc2025_test_00885_pi_co_t1.jpg,2,3,0.9999850988388062,3,1
brisc2025_test_00732_pi_ax_t1.jpg,2,3,0.9999845027923584,3,1
brisc2025_test_00813_pi_ax_t1.jpg,2,3,0.9997190833091736,3,1
brisc2025_test_00904_pi_co_t1.jpg,2,3,0.9999918937683105,3,1
brisc2025_test_00768_pi_ax_t1.jpg,2,3,0.9999896287918091,3,1
brisc2025_test_00708_pi_ax_t1.jpg,2,3,0.9999871253967285,3,1
brisc2025_test_00948_pi_sa_t1.jpg,2,3,0.9998940229415894,3,1
brisc2025_test_00870_pi_co_t1.jpg,2,3,0.9999905824661255,3,1
brisc2025_test_00929_pi_sa_t1.jpg,2,3,0.9999185800552368,3,1
brisc2025_test_00780_pi_ax_t1.jpg,2,3,0.9999433755874634,3,1
brisc2025_test_00824_pi_ax_t1.jpg,2,3,0.9999351501464844,3,1
brisc2025_test_00844_pi_co_t1.jpg,2,3,0.999895453453064,3,1
brisc2025_test_00951_pi_sa_t1.jpg,2,3,0.9999926090240479,3,1
brisc2025_test_00806_pi_ax_t1.jpg,2,3,0.9999877214431763,3,1
brisc2025_test_00955_pi_sa_t1.jpg,2,3,0.9998224377632141,3,1
brisc2025_test_00815_pi_ax_t1.jpg,2,3,0.9999644756317139,3,1
brisc2025_test_00932_pi_sa_t1.jpg,2,3,0.9999890327453613,3,1
brisc2025_test_00793_pi_ax_t1.jpg,2,3,0.9998911619186401,3,1
brisc2025_test_00977_pi_sa_t1.jpg,2,3,0.999835729598999,3,1
brisc2025_test_00935_pi_sa_t1.jpg,2,3,0.9999514818191528,3,1
brisc2025_test_00740_pi_ax_t1.jpg,2,3,0.999528169631958,3,1
brisc2025_test_00959_pi_sa_t1.jpg,2,3,0.9998962879180908,3,1
brisc2025_test_00787_pi_ax_t1.jpg,2,3,0.9997939467430115,3,1
brisc2025_test_00755_pi_ax_t1.jpg,2,3,0.9991747736930847,3,1
brisc2025_test_00888_pi_co_t1.jpg,2,3,0.9999905824661255,3,1
brisc2025_test_00974_pi_sa_t1.jpg,2,3,0.903357744216919,3,1
brisc2025_test_00908_pi_co_t1.jpg,2,3,0.9999884366989136,3,1
brisc2025_test_00837_pi_co_t1.jpg,2,3,0.9999865293502808,3,1
brisc2025_test_00715_pi_ax_t1.jpg,2,3,0.9997840523719788,3,1
brisc2025_test_00901_pi_co_t1.jpg,2,3,0.9999967813491821,3,1
brisc2025_test_00801_pi_ax_t1.jpg,2,3,0.9999814033508301,3,1
brisc2025_test_00724_pi_ax_t1.jpg,2,3,0.9997393488883972,3,1
brisc2025_test_00725_pi_ax_t1.jpg,2,3,0.9993244409561157,3,1
brisc2025_test_00735_pi_ax_t1.jpg,2,3,0.9999854564666748,3,1
brisc2025_test_00903_pi_co_t1.jpg,2,3,0.9999748468399048,3,1
brisc2025_test_00758_pi_ax_t1.jpg,2,3,0.9999648332595825,3,1
brisc2025_test_00916_pi_sa_t1.jpg,2,3,0.999962329864502,3,1
brisc2025_test_00983_pi_sa_t1.jpg,2,3,0.9999850988388062,3,1
brisc2025_test_00750_pi_ax_t1.jpg,2,3,0.9999533891677856,3,1
brisc2025_test_00836_pi_co_t1.jpg,2,3,0.9992142915725708,3,1
brisc2025_test_00936_pi_sa_t1.jpg,2,3,0.9999555349349976,3,1
brisc2025_test_00889_pi_co_t1.jpg,2,3,0.9999938011169434,3,1
brisc2025_test_00734_pi_ax_t1.jpg,2,3,0.9999264478683472,3,1
brisc2025_test_00797_pi_ax_t1.jpg,2,3,0.999904990196228,3,1
brisc2025_test_00979_pi_sa_t1.jpg,2,3,0.9998903274536133,3,1
brisc2025_test_00713_pi_ax_t1.jpg,2,3,0.9999339580535889,3,1
brisc2025_test_00858_pi_co_t1.jpg,2,3,0.9999425411224365,3,1
brisc2025_test_00956_pi_sa_t1.jpg,2,3,0.9999604225158691,3,1
brisc2025_test_00728_pi_ax_t1.jpg,2,3,0.9999773502349854,3,1
brisc2025_test_00864_pi_co_t1.jpg,2,3,0.9999532699584961,3,1
brisc2025_test_00938_pi_sa_t1.jpg,2,3,0.9999479055404663,3,1
brisc2025_test_00842_pi_co_t1.jpg,2,3,0.9655463695526123,3,1
brisc2025_test_00920_pi_sa_t1.jpg,2,3,0.99986732006073,3,1
brisc2025_test_00743_pi_ax_t1.jpg,2,3,0.9999678134918213,3,1
brisc2025_test_00848_pi_co_t1.jpg,2,3,0.9999983310699463,3,1
brisc2025_test_00973_pi_sa_t1.jpg,2,3,0.9999810457229614,3,1
brisc2025_test_00856_pi_co_t1.jpg,2,3,0.997745931148529,3,1
brisc2025_test_00937_pi_sa_t1.jpg,2,3,0.9999721050262451,3,1
brisc2025_test_00965_pi_sa_t1.jpg,2,3,0.9999129772186279,3,1
brisc2025_test_00754_pi_ax_t1.jpg,2,3,0.9999051094055176,3,1
brisc2025_test_00753_pi_ax_t1.jpg,2,3,0.9999655485153198,3,1
brisc2025_test_00834_pi_co_t1.jpg,2,3,0.9999978542327881,3,1
brisc2025_test_00817_pi_ax_t1.jpg,2,3,0.9999845027923584,3,1
brisc2025_test_00881_pi_co_t1.jpg,2,3,0.9999938011169434,3,1
brisc2025_test_00986_pi_sa_t1.jpg,2,3,0.9999896287918091,3,1
brisc2025_test_00893_pi_co_t1.jpg,2,3,0.9994910955429077,3,1
brisc2025_test_00828_pi_co_t1.jpg,2,3,0.9999923706054688,3,1
brisc2025_test_00705_pi_ax_t1.jpg,2,3,0.9999655485153198,3,1
brisc2025_test_00894_pi_co_t1.jpg,2,3,0.9999902248382568,3,1
brisc2025_test_00987_pi_sa_t1.jpg,2,3,0.9999849796295166,3,1
brisc2025_test_00800_pi_ax_t1.jpg,2,3,0.999972939491272,3,1
brisc2025_test_00847_pi_co_t1.jpg,2,3,0.9999750852584839,3,1
brisc2025_test_00823_pi_ax_t1.jpg,2,3,0.9969135522842407,3,1
brisc2025_test_00877_pi_co_t1.jpg,2,3,0.9994804263114929,3,1
brisc2025_test_00809_pi_ax_t1.jpg,2,3,0.9999924898147583,3,1
brisc2025_test_00810_pi_ax_t1.jpg,2,3,0.9998878240585327,3,1
brisc2025_test_00726_pi_ax_t1.jpg,2,3,0.9999313354492188,3,1
brisc2025_test_00972_pi_sa_t1.jpg,2,3,0.9997206330299377,3,1
brisc2025_test_00796_pi_ax_t1.jpg,2,3,0.9999681711196899,3,1
brisc2025_test_00980_pi_sa_t1.jpg,2,3,0.9998757839202881,3,1
brisc2025_test_00998_pi_sa_t1.jpg,2,3,0.9998602867126465,3,1
brisc2025_test_00818_pi_ax_t1.jpg,2,3,0.9999886751174927,3,1
brisc2025_test_00846_pi_co_t1.jpg,2,3,0.9996411800384521,3,1
brisc2025_test_00934_pi_sa_t1.jpg,2,3,0.9956647753715515,3,1
brisc2025_test_00909_pi_co_t1.jpg,2,3,0.9998753070831299,3,1
brisc2025_test_00731_pi_ax_t1.jpg,2,3,0.9999513626098633,3,1
brisc2025_test_00947_pi_sa_t1.jpg,2,3,0.9972151517868042,3,1
brisc2025_test_00996_pi_sa_t1.jpg,2,3,0.9990131855010986,3,1
brisc2025_test_00845_pi_co_t1.jpg,2,3,0.9996895790100098,3,1
brisc2025_test_00874_pi_co_t1.jpg,2,3,0.9999812841415405,3,1
brisc2025_test_00989_pi_sa_t1.jpg,2,3,0.9996566772460938,3,1
brisc2025_test_00993_pi_sa_t1.jpg,2,3,0.9996090531349182,3,1
brisc2025_test_00769_pi_ax_t1.jpg,2,3,0.9999765157699585,3,1
brisc2025_test_00942_pi_sa_t1.jpg,2,3,0.9993973970413208,3,1
brisc2025_test_00778_pi_ax_t1.jpg,2,3,0.9999423027038574,3,1
brisc2025_test_00968_pi_sa_t1.jpg,2,3,0.9998041987419128,3,1
brisc2025_test_00992_pi_sa_t1.jpg,2,3,0.9999778270721436,3,1
brisc2025_test_00863_pi_co_t1.jpg,2,3,0.9999659061431885,3,1
brisc2025_test_00999_pi_sa_t1.jpg,2,3,0.9999892711639404,3,1
brisc2025_test_00794_pi_ax_t1.jpg,2,3,0.9999799728393555,3,1
brisc2025_test_00897_pi_co_t1.jpg,2,3,0.9999938011169434,3,1
brisc2025_test_00859_pi_co_t1.jpg,2,3,0.9996278285980225,3,1
brisc2025_test_00941_pi_sa_t1.jpg,2,3,0.9992166757583618,3,1
brisc2025_test_00838_pi_co_t1.jpg,2,3,0.999988317489624,3,1
brisc2025_test_00896_pi_co_t1.jpg,2,3,0.9999914169311523,3,1
brisc2025_test_00976_pi_sa_t1.jpg,2,3,0.9998077750205994,3,1
brisc2025_test_00760_pi_ax_t1.jpg,2,3,0.9999580383300781,3,1
brisc2025_test_00811_pi_ax_t1.jpg,2,3,0.9999681711196899,3,1
brisc2025_test_00990_pi_sa_t1.jpg,2,3,0.9988419413566589,3,1
brisc2025_test_00849_pi_co_t1.jpg,2,3,0.9999829530715942,3,1
brisc2025_test_00943_pi_sa_t1.jpg,2,3,0.9997690320014954,3,1
brisc2025_test_00820_pi_ax_t1.jpg,2,3,0.6415765285491943,3,1
brisc2025_test_00767_pi_ax_t1.jpg,2,3,0.9999250173568726,3,1
brisc2025_test_00789_pi_ax_t1.jpg,2,3,0.9999717473983765,3,1
brisc2025_test_00933_pi_sa_t1.jpg,2,3,0.9999734163284302,3,1
brisc2025_test_00819_pi_ax_t1.jpg,2,3,0.9997016787528992,3,1
brisc2025_test_00876_pi_co_t1.jpg,2,3,0.9997331500053406,3,1
brisc2025_test_00957_pi_sa_t1.jpg,2,3,0.9997801184654236,3,1
brisc2025_test_00776_pi_ax_t1.jpg,2,3,0.9982031583786011,3,1
brisc2025_test_00882_pi_co_t1.jpg,2,3,0.9999321699142456,3,1
brisc2025_test_00706_pi_ax_t1.jpg,2,3,0.9999805688858032,3,1
brisc2025_test_00995_pi_sa_t1.jpg,2,3,0.9999121427536011,3,1
brisc2025_test_00930_pi_sa_t1.jpg,2,3,0.9999991655349731,3,1
brisc2025_test_00782_pi_ax_t1.jpg,2,3,0.9998250603675842,3,1
brisc2025_test_00803_pi_ax_t1.jpg,2,3,0.9999921321868896,3,1
brisc2025_test_00804_pi_ax_t1.jpg,2,3,0.9999277591705322,3,1
brisc2025_test_00991_pi_sa_t1.jpg,2,3,0.9999551773071289,3,1
brisc2025_test_00742_pi_ax_t1.jpg,2,3,0.9999759197235107,3,1
brisc2025_test_00884_pi_co_t1.jpg,2,3,0.9998518228530884,3,1
brisc2025_test_00954_pi_sa_t1.jpg,2,3,0.9997214674949646,3,1
brisc2025_test_00814_pi_ax_t1.jpg,2,3,0.9999570846557617,3,1
brisc2025_test_00913_pi_co_t1.jpg,2,3,0.9999799728393555,3,1
brisc2025_test_00788_pi_ax_t1.jpg,2,3,0.9999067783355713,3,1
brisc2025_test_00919_pi_sa_t1.jpg,2,3,0.9996799230575562,3,1
brisc2025_test_00918_pi_sa_t1.jpg,2,3,0.9897602200508118,3,1
brisc2025_test_00868_pi_co_t1.jpg,2,3,0.9999854564666748,3,1
brisc2025_test_00931_pi_sa_t1.jpg,2,3,0.999991774559021,3,1
brisc2025_test_00779_pi_ax_t1.jpg,2,3,0.9997921586036682,3,1
brisc2025_test_00721_pi_ax_t1.jpg,2,3,0.999944806098938,3,1
brisc2025_test_00914_pi_co_t1.jpg,2,3,0.999987006187439,3,1
brisc2025_test_00781_pi_ax_t1.jpg,2,3,0.9999672174453735,3,1
brisc2025_test_00923_pi_sa_t1.jpg,2,3,0.9999915361404419,3,1
brisc2025_test_00905_pi_co_t1.jpg,2,3,0.9999364614486694,3,1
brisc2025_test_00895_pi_co_t1.jpg,2,3,0.9999977350234985,3,1
brisc2025_test_00865_pi_co_t1.jpg,2,3,0.9997677206993103,3,1
brisc2025_test_00762_pi_ax_t1.jpg,2,3,0.9999969005584717,3,1
brisc2025_test_00738_pi_ax_t1.jpg,2,3,0.9999866485595703,3,1
brisc2025_test_00953_pi_sa_t1.jpg,2,3,0.9999790191650391,3,1
brisc2025_test_00841_pi_co_t1.jpg,2,3,0.9999792575836182,3,1
brisc2025_test_00802_pi_ax_t1.jpg,2,3,0.9999698400497437,3,1
brisc2025_test_00759_pi_ax_t1.jpg,2,3,0.9999721050262451,3,1
brisc2025_test_00964_pi_sa_t1.jpg,2,3,0.9999901056289673,3,1
brisc2025_test_00709_pi_ax_t1.jpg,2,3,0.9999608993530273,3,1
brisc2025_test_00736_pi_ax_t1.jpg,2,3,0.9998573064804077,3,1
brisc2025_test_00875_pi_co_t1.jpg,2,3,0.9999830722808838,3,1
brisc2025_test_00961_pi_sa_t1.jpg,2,3,0.9999819993972778,3,1
brisc2025_test_00960_pi_sa_t1.jpg,2,3,0.9999802112579346,3,1
brisc2025_test_00821_pi_ax_t1.jpg,2,3,0.999895453453064,3,1
brisc2025_test_00997_pi_sa_t1.jpg,2,3,0.9999514818191528,3,1
brisc2025_test_00879_pi_co_t1.jpg,2,3,0.9999995231628418,3,1
brisc2025_test_00892_pi_co_t1.jpg,2,3,0.9999935626983643,3,1
brisc2025_test_00939_pi_sa_t1.jpg,2,3,0.999774158000946,3,1
brisc2025_test_00770_pi_ax_t1.jpg,2,3,0.9999668598175049,3,1
brisc2025_test_00925_pi_sa_t1.jpg,2,3,0.9999599456787109,3,1
brisc2025_test_00924_pi_sa_t1.jpg,2,3,0.9998937845230103,3,1
brisc2025_test_00861_pi_co_t1.jpg,2,3,0.9999936819076538,3,1
brisc2025_test_00761_pi_ax_t1.jpg,2,3,0.9999639987945557,3,1
brisc2025_test_00751_pi_ax_t1.jpg,2,3,0.999980092048645,3,1
brisc2025_test_00718_pi_ax_t1.jpg,2,3,0.999921441078186,3,1
brisc2025_test_00862_pi_co_t1.jpg,2,3,0.9999788999557495,3,1
brisc2025_test_00807_pi_ax_t1.jpg,2,3,0.9999055862426758,3,1
brisc2025_test_00829_pi_co_t1.jpg,2,3,0.9999994039535522,3,1
brisc2025_test_00710_pi_ax_t1.jpg,2,3,0.9998354911804199,3,1
brisc2025_test_00853_pi_co_t1.jpg,2,3,0.9999722242355347,3,1
brisc2025_test_00866_pi_co_t1.jpg,2,3,0.9999946355819702,3,1
brisc2025_test_00773_pi_ax_t1.jpg,2,3,0.9999802112579346,3,1
brisc2025_test_00950_pi_sa_t1.jpg,2,3,0.9998587369918823,3,1
brisc2025_test_00871_pi_co_t1.jpg,2,3,0.9999750852584839,3,1
brisc2025_test_00764_pi_ax_t1.jpg,2,3,0.9999574422836304,3,1
brisc2025_test_00775_pi_ax_t1.jpg,2,3,0.9999902248382568,3,1
brisc2025_test_00703_pi_ax_t1.jpg,2,3,0.9999228715896606,3,1
brisc2025_test_00771_pi_ax_t1.jpg,2,3,0.9999529123306274,3,1
brisc2025_test_00733_pi_ax_t1.jpg,2,3,0.9999920129776001,3,1
brisc2025_test_00730_pi_ax_t1.jpg,2,3,0.9999697208404541,3,1
brisc2025_test_00712_pi_ax_t1.jpg,2,3,0.9997548460960388,3,1
brisc2025_test_00785_pi_ax_t1.jpg,2,3,0.9999943971633911,3,1
brisc2025_test_00799_pi_ax_t1.jpg,2,3,0.999953031539917,3,1
brisc2025_test_00826_pi_co_t1.jpg,0,1,0.9948400855064392,3,0
brisc2025_test_00749_pi_ax_t1.jpg,2,3,0.999881386756897,3,1
brisc2025_test_00867_pi_co_t1.jpg,2,3,0.9999704360961914,3,1
brisc2025_test_00816_pi_ax_t1.jpg,2,3,0.9999592304229736,3,1
brisc2025_test_00784_pi_ax_t1.jpg,2,3,0.9999598264694214,3,1
brisc2025_test_00747_pi_ax_t1.jpg,2,3,0.9998179078102112,3,1
brisc2025_test_00982_pi_sa_t1.jpg,2,3,0.999948263168335,3,1
brisc2025_test_00714_pi_ax_t1.jpg,2,3,0.9998977184295654,3,1
brisc2025_test_00805_pi_ax_t1.jpg,2,3,0.9992727637290955,3,1
brisc2025_test_00962_pi_sa_t1.jpg,2,3,0.9999864101409912,3,1
brisc2025_test_00985_pi_sa_t1.jpg,2,3,0.9999678134918213,3,1
brisc2025_test_00949_pi_sa_t1.jpg,2,3,0.9998310804367065,3,1
brisc2025_test_00720_pi_ax_t1.jpg,2,3,0.9999681711196899,3,1
brisc2025_test_00927_pi_sa_t1.jpg,2,3,0.9999260902404785,3,1
brisc2025_test_00926_pi_sa_t1.jpg,2,3,0.9999479055404663,3,1
brisc2025_test_00969_pi_sa_t1.jpg,2,3,0.9999693632125854,3,1
brisc2025_test_00928_pi_sa_t1.jpg,2,3,0.9998216032981873,3,1
brisc2025_test_00958_pi_sa_t1.jpg,2,3,0.9999948740005493,3,1
brisc2025_test_00883_pi_co_t1.jpg,2,3,0.9995974898338318,3,1
brisc2025_test_00900_pi_co_t1.jpg,2,3,0.999969482421875,3,1
brisc2025_test_00891_pi_co_t1.jpg,2,3,0.9999978542327881,3,1
